{
  "SubmissionBrierScore": 0.07635933000416666,
  "ChampCorrectCount": {
    "M": 5386,
    "W": 12634
  },
  "Final4CorrectAvg": {
    "M": 0.14603,
    "W": 0.37096
  },
  "Round1CorrectAvg": {
    "M": 22.24814,
    "W": 25.13645
  },
  "PerfectRound1Count": {
    "W": 9
  },
  "BracketScoreAvg": {
    "M": 51.33636,
    "W": 81.05155
  },
  "BracketScoreMax": {
    "M": 165,
    "W": 174
  },
  "BracketScoreMin": {
    "M": 19,
    "W": 31
  },
  "PerfectBracketCount": {},
  "GenderBrierScore": {
    "M": 0.09060028493645833,
    "W": 0.06211837507187499
  },
  "RoundBrierScore": {
    "R1_brier": {
      "M": 0.18734565793125,
      "W": 0.101103740321875
    },
    "R2_brier": {
      "M": 0.141914755496875,
      "W": 0.1121494295375
    },
    "R3_brier": {
      "M": 0.104617455278125,
      "W": 0.08151780058125
    },
    "R4_brier": {
      "M": 0.063244677315625,
      "W": 0.030339481090625002
    },
    "R5_brier": {
      "M": 0.03086942028125,
      "W": 0.03098602524375
    },
    "R6_brier": {
      "M": 0.015609743315624999,
      "W": 0.01661377365625
    }
  }
}