{
  "SubmissionBrierScore": 0.07428404146744791,
  "ChampCorrectCount": {
    "M": 4052,
    "W": 12287
  },
  "Final4CorrectAvg": {
    "M": 0.11705,
    "W": 0.49017
  },
  "Round1CorrectAvg": {
    "M": 22.81289,
    "W": 24.75793
  },
  "PerfectRound1Count": {},
  "BracketScoreAvg": {
    "M": 52.26809,
    "W": 83.97327
  },
  "BracketScoreMax": {
    "M": 145,
    "W": 183
  },
  "BracketScoreMin": {
    "M": 21,
    "W": 28
  },
  "PerfectBracketCount": {},
  "GenderBrierScore": {
    "M": 0.09069503037291667,
    "W": 0.057873052561979166
  },
  "RoundBrierScore": {
    "R1_brier": {
      "M": 0.171615705221875,
      "W": 0.12367391781562499
    },
    "R2_brier": {
      "M": 0.139766173778125,
      "W": 0.100772825446875
    },
    "R3_brier": {
      "M": 0.118844542621875,
      "W": 0.055514186621874996
    },
    "R4_brier": {
      "M": 0.06223646176562501,
      "W": 0.032330676071875
    },
    "R5_brier": {
      "M": 0.03420863248125,
      "W": 0.021450596287500002
    },
    "R6_brier": {
      "M": 0.01749866636875,
      "W": 0.013496113128124999
    }
  }
}