{
  "SubmissionBrierScore": 0.12484755461640626,
  "ChampCorrectCount": {
    "M": 0,
    "W": 3
  },
  "Final4CorrectAvg": {
    "M": 1e-05,
    "W": 0.00232
  },
  "Round1CorrectAvg": {
    "M": 22.99657,
    "W": 26.99485
  },
  "PerfectRound1Count": {},
  "BracketScoreAvg": {
    "M": 43.00447,
    "W": 94.99589
  },
  "BracketScoreMax": {
    "M": 81,
    "W": 158
  },
  "BracketScoreMin": {
    "M": 26,
    "W": 48
  },
  "PerfectBracketCount": {},
  "GenderBrierScore": {
    "M": 0.15608698546770836,
    "W": 0.09360812376510418
  },
  "RoundBrierScore": {
    "R1_brier": {
      "M": 0.281039534771875,
      "W": 0.156108276646875
    },
    "R2_brier": {
      "M": 0.18740997555625,
      "W": 0.187247473096875
    },
    "R3_brier": {
      "M": 0.249617797303125,
      "W": 0.124755000928125
    },
    "R4_brier": {
      "M": 0.12484249415625,
      "W": 2.626687499999976e-07
    },
    "R5_brier": {
      "M": 0.062414843640625,
      "W": 0.0623404652625
    },
    "R6_brier": {
      "M": 0.031197267378124997,
      "W": 0.0311972639875
    }
  }
}