{
  "SubmissionBrierScore": 0.076601547075,
  "ChampCorrectCount": {
    "M": 3005,
    "W": 15363
  },
  "Final4CorrectAvg": {
    "M": 0.09408,
    "W": 0.45192
  },
  "Round1CorrectAvg": {
    "M": 22.26678,
    "W": 24.59197
  },
  "PerfectRound1Count": {
    "W": 1
  },
  "BracketScoreAvg": {
    "M": 49.02256,
    "W": 85.08053
  },
  "BracketScoreMax": {
    "M": 154,
    "W": 177
  },
  "BracketScoreMin": {
    "M": 20,
    "W": 31
  },
  "PerfectBracketCount": {},
  "GenderBrierScore": {
    "M": 0.09222476444218748,
    "W": 0.06097832970781251
  },
  "RoundBrierScore": {
    "R1_brier": {
      "M": 0.18634131770625,
      "W": 0.114726891434375
    },
    "R2_brier": {
      "M": 0.14348092873437499,
      "W": 0.106812690696875
    },
    "R3_brier": {
      "M": 0.10763803655,
      "W": 0.073513020409375
    },
    "R4_brier": {
      "M": 0.0666293418,
      "W": 0.025341179093750003
    },
    "R5_brier": {
      "M": 0.032785275540625,
      "W": 0.02920305596875
    },
    "R6_brier": {
      "M": 0.016473686321875,
      "W": 0.016273140643750003
    }
  }
}