{
  "SubmissionBrierScore": 0.16783022695312502,
  "ChampCorrectCount": {
    "M": 6,
    "W": 0
  },
  "Final4CorrectAvg": {
    "M": 0.0274,
    "W": 0.0011
  },
  "Round1CorrectAvg": {
    "M": 20.1848,
    "W": 12.9107
  },
  "PerfectRound1Count": {},
  "BracketScoreAvg": {
    "M": 32.8596,
    "W": 15.1361
  },
  "BracketScoreMax": {
    "M": 98,
    "W": 46
  },
  "BracketScoreMin": {
    "M": 17,
    "W": 7
  },
  "PerfectBracketCount": {},
  "GenderBrierScore": {
    "M": 0.13141525619791666,
    "W": 0.20424519770833338
  },
  "RoundBrierScore": {
    "R1_brier": {
      "M": 0.27155479,
      "W": 0.5106180496875
    },
    "R2_brier": {
      "M": 0.25395123999999997,
      "W": 0.3836623359375
    },
    "R3_brier": {
      "M": 0.1412599928125,
      "W": 0.18199752624999999
    },
    "R4_brier": {
      "M": 0.071919366875,
      "W": 0.093087231875
    },
    "R5_brier": {
      "M": 0.0333753346875,
      "W": 0.0383226534375
    },
    "R6_brier": {
      "M": 0.016430812812499997,
      "W": 0.017783389062500002
    }
  }
}