{
  "SubmissionBrierScore": 0.08000996986822917,
  "ChampCorrectCount": {
    "M": 2536,
    "W": 4001
  },
  "Final4CorrectAvg": {
    "M": 0.09001,
    "W": 0.19104
  },
  "Round1CorrectAvg": {
    "M": 20.85049,
    "W": 22.05986
  },
  "PerfectRound1Count": {},
  "BracketScoreAvg": {
    "M": 45.72999,
    "W": 58.7737
  },
  "BracketScoreMax": {
    "M": 151,
    "W": 171
  },
  "BracketScoreMin": {
    "M": 15,
    "W": 16
  },
  "PerfectBracketCount": {},
  "GenderBrierScore": {
    "M": 0.089560561703125,
    "W": 0.07045937803333334
  },
  "RoundBrierScore": {
    "R1_brier": {
      "M": 0.174785926859375,
      "W": 0.1373322706625
    },
    "R2_brier": {
      "M": 0.14694223278437502,
      "W": 0.11469632773125
    },
    "R3_brier": {
      "M": 0.105260650440625,
      "W": 0.082583810709375
    },
    "R4_brier": {
      "M": 0.063351445725,
      "W": 0.044736934615625
    },
    "R5_brier": {
      "M": 0.0313589990125,
      "W": 0.028200715959375
    },
    "R6_brier": {
      "M": 0.015664115396874997,
      "W": 0.015206208521875
    }
  }
}