{
  "SubmissionBrierScore": 0.07421030028854167,
  "ChampCorrectCount": {
    "M": 5611,
    "W": 19874
  },
  "Final4CorrectAvg": {
    "M": 0.13092,
    "W": 0.5432
  },
  "Round1CorrectAvg": {
    "M": 22.68547,
    "W": 24.42873
  },
  "PerfectRound1Count": {
    "W": 1
  },
  "BracketScoreAvg": {
    "M": 53.57699,
    "W": 87.51471
  },
  "BracketScoreMax": {
    "M": 149,
    "W": 183
  },
  "BracketScoreMin": {
    "M": 23,
    "W": 29
  },
  "PerfectBracketCount": {},
  "GenderBrierScore": {
    "M": 0.09094227304166667,
    "W": 0.05747832753541667
  },
  "RoundBrierScore": {
    "R1_brier": {
      "M": 0.17415502225937501,
      "W": 0.12764414334687502
    },
    "R2_brier": {
      "M": 0.140993263490625,
      "W": 0.102995849965625
    },
    "R3_brier": {
      "M": 0.11965348665625,
      "W": 0.051870356015624994
    },
    "R4_brier": {
      "M": 0.0603359442375,
      "W": 0.030653472787499997
    },
    "R5_brier": {
      "M": 0.03400372489375,
      "W": 0.020374289934374998
    },
    "R6_brier": {
      "M": 0.0165121967125,
      "W": 0.011331853162499999
    }
  }
}