{
  "SubmissionBrierScore": 0.18173027844140627,
  "ChampCorrectCount": {
    "M": 7564,
    "W": 0
  },
  "Final4CorrectAvg": {
    "M": 0.14572,
    "W": 0.00232
  },
  "Round1CorrectAvg": {
    "M": 15.0599,
    "W": 11.31492
  },
  "PerfectRound1Count": {},
  "BracketScoreAvg": {
    "M": 33.21,
    "W": 19.1531
  },
  "BracketScoreMax": {
    "M": 113,
    "W": 51
  },
  "BracketScoreMin": {
    "M": 12,
    "W": 11
  },
  "PerfectBracketCount": {},
  "GenderBrierScore": {
    "M": 0.15834929320416669,
    "W": 0.20511126367864588
  },
  "RoundBrierScore": {
    "R1_brier": {
      "M": 0.41625593178750003,
      "W": 0.56202104216875
    },
    "R2_brier": {
      "M": 0.25193795933125,
      "W": 0.357355530234375
    },
    "R3_brier": {
      "M": 0.15810403888125,
      "W": 0.161252343209375
    },
    "R4_brier": {
      "M": 0.075586690071875,
      "W": 0.088525005815625
    },
    "R5_brier": {
      "M": 0.032582722509375,
      "W": 0.041068579075
    },
    "R6_brier": {
      "M": 0.015628416643749997,
      "W": 0.02044508156875
    }
  }
}